INSERT INTO t_shopping_goods (goods_id, goods_sort, goods_title, goods_writer, goods_publisher, goods_price, goods_sales_price, goods_point, goods_published_date, goods_total_page, goods_isbn, goods_delivery_price, goods_delivery_date, goods_status, goods_writer_intro, goods_contents_order, goods_intro, goods_publisher_comment, goods_recommendation) VALUES (334, '컴퓨터와 인터넷', '포토샵 무작정 따라하기', '민지영, 문수민, 이상호, 앤미디어', '길벗', 34000, 30000, 1000, DATE '2018-10-02', 200, 'ISBN-334', '0', CURRENT_DATE, 'bestseller', '포토샵 무작정 따라하기 소개', '차례 정보 준비중', '포토샵 무작정 따라하기 소개', '출판사 코멘트 준비중', '추천 포인트 준비중');
INSERT INTO t_shopping_goods (goods_id, goods_sort, goods_title, goods_writer, goods_publisher, goods_price, goods_sales_price, goods_point, goods_published_date, goods_total_page, goods_isbn, goods_delivery_price, goods_delivery_date, goods_status, goods_writer_intro, goods_contents_order, goods_intro, goods_publisher_comment, goods_recommendation) VALUES (335, '컴퓨터와 인터넷', '무작정 따라하기 차트분석', '윤재수', '미래 출판사', 1212, 30000, 121, DATE '2018-10-02', 210, 'ISBN-335', '0', CURRENT_DATE, 'bestseller', '무작정 따라하기 차트분석 소개', '차례 정보 준비중', '무작정 따라하기 차트분석 소개', '출판사 코멘트 준비중', '추천 포인트 준비중');
INSERT INTO t_shopping_goods (goods_id, goods_sort, goods_title, goods_writer, goods_publisher, goods_price, goods_sales_price, goods_point, goods_published_date, goods_total_page, goods_isbn, goods_delivery_price, goods_delivery_date, goods_status, goods_writer_intro, goods_contents_order, goods_intro, goods_publisher_comment, goods_recommendation) VALUES (336, '컴퓨터와 인터넷', '짠테크 가계부', '짠돌이 카페', '길벗', 30000, 30000, 1212, DATE '2018-10-02', 220, 'ISBN-336', '0', CURRENT_DATE, 'bestseller', '짠테크 가계부 소개', '차례 정보 준비중', '짠테크 가계부 소개', '출판사 코멘트 준비중', '추천 포인트 준비중');
INSERT INTO t_shopping_goods (goods_id, goods_sort, goods_title, goods_writer, goods_publisher, goods_price, goods_sales_price, goods_point, goods_published_date, goods_total_page, goods_isbn, goods_delivery_price, goods_delivery_date, goods_status, goods_writer_intro, goods_contents_order, goods_intro, goods_publisher_comment, goods_recommendation) VALUES (337, '컴퓨터와 인터넷', '케라스로 배우는 딥러닝', '프랑소와 숄레', '국민출판사', 30000, 30000, 1212, DATE '2018-10-02', 230, 'ISBN-337', '0', CURRENT_DATE, 'bestseller', '케라스로 배우는 딥러닝 소개', '차례 정보 준비중', '케라스로 배우는 딥러닝 소개', '출판사 코멘트 준비중', '추천 포인트 준비중');
INSERT INTO t_shopping_goods (goods_id, goods_sort, goods_title, goods_writer, goods_publisher, goods_price, goods_sales_price, goods_point, goods_published_date, goods_total_page, goods_isbn, goods_delivery_price, goods_delivery_date, goods_status, goods_writer_intro, goods_contents_order, goods_intro, goods_publisher_comment, goods_recommendation) VALUES (338, '컴퓨터와 인터넷', '컴퓨터 활용능려 2급 실기', '이병승', '길벗', 25000, 25000, 1212, DATE '2018-08-08', 240, 'ISBN-338', '0', CURRENT_DATE, 'bestseller', '컴퓨터 활용능려 2급 실기 소개', '차례 정보 준비중', '컴퓨터 활용능려 2급 실기 소개', '출판사 코멘트 준비중', '추천 포인트 준비중');
INSERT INTO t_shopping_goods (goods_id, goods_sort, goods_title, goods_writer, goods_publisher, goods_price, goods_sales_price, goods_point, goods_published_date, goods_total_page, goods_isbn, goods_delivery_price, goods_delivery_date, goods_status, goods_writer_intro, goods_contents_order, goods_intro, goods_publisher_comment, goods_recommendation) VALUES (339, '컴퓨터와 인터넷', '시나공 워드 프로세서 실기', '길벗 알엔디', '국민 출판사', 25000, 25000, 1212, DATE '2018-10-29', 250, 'ISBN-339', '0', CURRENT_DATE, 'bestseller', '시나공 워드 프로세서 실기 소개', '차례 정보 준비중', '시나공 워드 프로세서 실기 소개', '출판사 코멘트 준비중', '추천 포인트 준비중');
INSERT INTO t_shopping_goods (goods_id, goods_sort, goods_title, goods_writer, goods_publisher, goods_price, goods_sales_price, goods_point, goods_published_date, goods_total_page, goods_isbn, goods_delivery_price, goods_delivery_date, goods_status, goods_writer_intro, goods_contents_order, goods_intro, goods_publisher_comment, goods_recommendation) VALUES (340, '컴퓨터와 인터넷', '직장인을 위한 엑셀 실무', '홍길동', '서울출판사', 25000, 25000, 1212, DATE '2018-10-17', 260, 'ISBN-340', '0', CURRENT_DATE, 'bestseller', '직장인을 위한 엑셀 실무 소개', '차례 정보 준비중', '직장인을 위한 엑셀 실무 소개', '출판사 코멘트 준비중', '추천 포인트 준비중');
INSERT INTO t_shopping_goods (goods_id, goods_sort, goods_title, goods_writer, goods_publisher, goods_price, goods_sales_price, goods_point, goods_published_date, goods_total_page, goods_isbn, goods_delivery_price, goods_delivery_date, goods_status, goods_writer_intro, goods_contents_order, goods_intro, goods_publisher_comment, goods_recommendation) VALUES (341, '컴퓨터와 인터넷', '자바스크립트 배우기', '2222', '서울 출판사', 25000, 25000, 2222, DATE '2018-10-18', 270, 'ISBN-341', '0', CURRENT_DATE, 'bestseller', '자바스크립트 배우기 소개', '차례 정보 준비중', '자바스크립트 배우기 소개', '출판사 코멘트 준비중', '추천 포인트 준비중');
INSERT INTO t_shopping_goods (goods_id, goods_sort, goods_title, goods_writer, goods_publisher, goods_price, goods_sales_price, goods_point, goods_published_date, goods_total_page, goods_isbn, goods_delivery_price, goods_delivery_date, goods_status, goods_writer_intro, goods_contents_order, goods_intro, goods_publisher_comment, goods_recommendation) VALUES (342, '컴퓨터와 인터넷', '부동산 상식 사전', '백영록', '길벗', 20000, 20000, 5555, DATE '2018-10-04', 280, 'ISBN-342', '0', CURRENT_DATE, 'bestseller', '부동산 상식 사전 소개', '차례 정보 준비중', '부동산 상식 사전 소개', '출판사 코멘트 준비중', '추천 포인트 준비중');
INSERT INTO t_shopping_goods (goods_id, goods_sort, goods_title, goods_writer, goods_publisher, goods_price, goods_sales_price, goods_point, goods_published_date, goods_total_page, goods_isbn, goods_delivery_price, goods_delivery_date, goods_status, goods_writer_intro, goods_contents_order, goods_intro, goods_publisher_comment, goods_recommendation) VALUES (343, '컴퓨터와 인터넷', '기적의 계산법', '이순신', '국민 출판사', 30000, 30000, 777, DATE '2018-10-04', 290, 'ISBN-343', '0', CURRENT_DATE, 'steadyseller', '기적의 계산법 소개', '차례 정보 준비중', '기적의 계산법 소개', '출판사 코멘트 준비중', '추천 포인트 준비중');
INSERT INTO t_shopping_goods (goods_id, goods_sort, goods_title, goods_writer, goods_publisher, goods_price, goods_sales_price, goods_point, goods_published_date, goods_total_page, goods_isbn, goods_delivery_price, goods_delivery_date, goods_status, goods_writer_intro, goods_contents_order, goods_intro, goods_publisher_comment, goods_recommendation) VALUES (344, '컴퓨터와 인터넷', '초보자를 위한 자바 프로그래밍', '이병승', '인포북', 30000, 27000, 2000, DATE '2018-10-02', 300, 'ISBN-344', '0', CURRENT_DATE, 'newbook', '초보자를 위한 자바 프로그래밍 소개', '차례 정보 준비중', '초보자를 위한 자바 프로그래밍 소개', '출판사 코멘트 준비중', '추천 포인트 준비중');
INSERT INTO t_shopping_goods (goods_id, goods_sort, goods_title, goods_writer, goods_publisher, goods_price, goods_sales_price, goods_point, goods_published_date, goods_total_page, goods_isbn, goods_delivery_price, goods_delivery_date, goods_status, goods_writer_intro, goods_contents_order, goods_intro, goods_publisher_comment, goods_recommendation) VALUES (345, '컴퓨터와 인터넷', '리액트를 다루는 기술', '이순신', '민국 출판사', 30000, 30000, 888, DATE '2018-10-12', 310, 'ISBN-345', '0', CURRENT_DATE, 'newbook', '리액트를 다루는 기술 소개', '차례 정보 준비중', '리액트를 다루는 기술 소개', '출판사 코멘트 준비중', '추천 포인트 준비중');
INSERT INTO t_shopping_goods (goods_id, goods_sort, goods_title, goods_writer, goods_publisher, goods_price, goods_sales_price, goods_point, goods_published_date, goods_total_page, goods_isbn, goods_delivery_price, goods_delivery_date, goods_status, goods_writer_intro, goods_contents_order, goods_intro, goods_publisher_comment, goods_recommendation) VALUES (346, '컴퓨터와 인터넷', '여행 일본어', '이길동', '국민 출판사', 30000, 30000, 898, DATE '2018-10-23', 320, 'ISBN-346', '0', CURRENT_DATE, 'bestseller', '여행 일본어 소개', '차례 정보 준비중', '여행 일본어 소개', '출판사 코멘트 준비중', '추천 포인트 준비중');
INSERT INTO t_shopping_goods (goods_id, goods_sort, goods_title, goods_writer, goods_publisher, goods_price, goods_sales_price, goods_point, goods_published_date, goods_total_page, goods_isbn, goods_delivery_price, goods_delivery_date, goods_status, goods_writer_intro, goods_contents_order, goods_intro, goods_publisher_comment, goods_recommendation) VALUES (347, '컴퓨터와 인터넷', '가장 빨리 만나는 자바9', '카이 호스트만', '길벗', 30000, 32400, 2000, DATE '2018-10-17', 330, 'ISBN-347', '0', CURRENT_DATE, 'steadyseller', '가장 빨리 만나는 자바9 소개', '차례 정보 준비중', '가장 빨리 만나는 자바9 소개', '출판사 코멘트 준비중', '추천 포인트 준비중');
INSERT INTO t_shopping_goods (goods_id, goods_sort, goods_title, goods_writer, goods_publisher, goods_price, goods_sales_price, goods_point, goods_published_date, goods_total_page, goods_isbn, goods_delivery_price, goods_delivery_date, goods_status, goods_writer_intro, goods_contents_order, goods_intro, goods_publisher_comment, goods_recommendation) VALUES (348, '컴퓨터와 인터넷', '자바 EE 디자인 패턴', '무라트예네르, 알렉스 시돔', '길벗', 34000, 30000, 1000, DATE '2018-10-18', 340, 'ISBN-348', '0', CURRENT_DATE, 'bestseller', '자바 EE 디자인 패턴 소개', '차례 정보 준비중', '자바 EE 디자인 패턴 소개', '출판사 코멘트 준비중', '추천 포인트 준비중');
INSERT INTO t_shopping_goods (goods_id, goods_sort, goods_title, goods_writer, goods_publisher, goods_price, goods_sales_price, goods_point, goods_published_date, goods_total_page, goods_isbn, goods_delivery_price, goods_delivery_date, goods_status, goods_writer_intro, goods_contents_order, goods_intro, goods_publisher_comment, goods_recommendation) VALUES (349, '컴퓨터와 인터넷', '자바로 배우는 리팩토링', '유키히로시', '길벗', 34000, 30000, 1000, DATE '2018-10-02', 350, 'ISBN-349', '0', CURRENT_DATE, 'bestseller', '자바로 배우는 리팩토링 소개', '차례 정보 준비중', '자바로 배우는 리팩토링 소개', '출판사 코멘트 준비중', '추천 포인트 준비중');
INSERT INTO t_shopping_goods (goods_id, goods_sort, goods_title, goods_writer, goods_publisher, goods_price, goods_sales_price, goods_point, goods_published_date, goods_total_page, goods_isbn, goods_delivery_price, goods_delivery_date, goods_status, goods_writer_intro, goods_contents_order, goods_intro, goods_publisher_comment, goods_recommendation) VALUES (350, '컴퓨터와 인터넷', '유지 보수가 가능한 코딩의 기술-자바편', '주스트 뷔서', '한국 출판사', 35000, 32000, 2000, DATE '2018-10-20', 360, 'ISBN-350', '0', CURRENT_DATE, 'steadyseller', '유지 보수가 가능한 코딩의 기술-자바편 소개', '차례 정보 준비중', '유지 보수가 가능한 코딩의 기술-자바편 소개', '출판사 코멘트 준비중', '추천 포인트 준비중');
INSERT INTO t_shopping_goods (goods_id, goods_sort, goods_title, goods_writer, goods_publisher, goods_price, goods_sales_price, goods_point, goods_published_date, goods_total_page, goods_isbn, goods_delivery_price, goods_delivery_date, goods_status, goods_writer_intro, goods_contents_order, goods_intro, goods_publisher_comment, goods_recommendation) VALUES (354, '컴퓨터와 인터넷', '모두의 딥러닝', '조태호', '길벗', 24000, 21600, 1000, DATE '2018-10-02', 370, 'ISBN-354', '0', CURRENT_DATE, 'bestseller', '모두의 딥러닝 소개', '차례 정보 준비중', '모두의 딥러닝 소개', '출판사 코멘트 준비중', '추천 포인트 준비중');
INSERT INTO t_shopping_goods (goods_id, goods_sort, goods_title, goods_writer, goods_publisher, goods_price, goods_sales_price, goods_point, goods_published_date, goods_total_page, goods_isbn, goods_delivery_price, goods_delivery_date, goods_status, goods_writer_intro, goods_contents_order, goods_intro, goods_publisher_comment, goods_recommendation) VALUES (356, '컴퓨터와 인터넷', '마인크래프트 무작정 따라하기', '신윤철,이상민', '길벗', 14000, 12000, 1000, DATE '2018-10-02', 380, 'ISBN-356', '0', CURRENT_DATE, 'bestseller', '마인크래프트 무작정 따라하기 소개', '차례 정보 준비중', '마인크래프트 무작정 따라하기 소개', '출판사 코멘트 준비중', '추천 포인트 준비중');
INSERT INTO t_shopping_goods (goods_id, goods_sort, goods_title, goods_writer, goods_publisher, goods_price, goods_sales_price, goods_point, goods_published_date, goods_total_page, goods_isbn, goods_delivery_price, goods_delivery_date, goods_status, goods_writer_intro, goods_contents_order, goods_intro, goods_publisher_comment, goods_recommendation) VALUES (394, '컴퓨터와 인터넷', '무작정 따라가기 홍콩 마카오', '김수정, 김승남', '인포북스', 30000, 27000, 1000, DATE '2015-10-16', 390, 'ISBN-394', '0', CURRENT_DATE, 'bestseller', '무작정 따라가기 홍콩 마카오 소개', '차례 정보 준비중', '무작정 따라가기 홍콩 마카오 소개', '출판사 코멘트 준비중', '추천 포인트 준비중');
INSERT INTO t_shopping_goods (goods_id, goods_sort, goods_title, goods_writer, goods_publisher, goods_price, goods_sales_price, goods_point, goods_published_date, goods_total_page, goods_isbn, goods_delivery_price, goods_delivery_date, goods_status, goods_writer_intro, goods_contents_order, goods_intro, goods_publisher_comment, goods_recommendation) VALUES (395, '컴퓨터와 인터넷', '모두의 파이썬', '이승찬', '길벗', 12000, 10800, 1000, DATE '2016-05-09', 400, 'ISBN-395', '0', CURRENT_DATE, 'bestseller', '모두의 파이썬 소개', '차례 정보 준비중', '모두의 파이썬 소개', '출판사 코멘트 준비중', '추천 포인트 준비중');
INSERT INTO t_shopping_goods (goods_id, goods_sort, goods_title, goods_writer, goods_publisher, goods_price, goods_sales_price, goods_point, goods_published_date, goods_total_page, goods_isbn, goods_delivery_price, goods_delivery_date, goods_status, goods_writer_intro, goods_contents_order, goods_intro, goods_publisher_comment, goods_recommendation) VALUES (397, '컴퓨터와 인터넷', '리액트를 다루는 기술', '김민준', '길벗', 32000, 32000, 1000, DATE '2018-08-01', 410, 'ISBN-397', '0', CURRENT_DATE, 'bestseller', '리액트를 다루는 기술 소개', '차례 정보 준비중', '리액트를 다루는 기술 소개', '출판사 코멘트 준비중', '추천 포인트 준비중');
INSERT INTO t_shopping_goods (goods_id, goods_sort, goods_title, goods_writer, goods_publisher, goods_price, goods_sales_price, goods_point, goods_published_date, goods_total_page, goods_isbn, goods_delivery_price, goods_delivery_date, goods_status, goods_writer_intro, goods_contents_order, goods_intro, goods_publisher_comment, goods_recommendation) VALUES (398, '컴퓨터와 인터넷', 'Try! helloworld 자바스크립트', '김용록', '길벗', 22000, 19800, 1000, DATE '2018-05-22', 420, 'ISBN-398', '0', CURRENT_DATE, 'bestseller', 'Try! helloworld 자바스크립트 소개', '차례 정보 준비중', 'Try! helloworld 자바스크립트 소개', '출판사 코멘트 준비중', '추천 포인트 준비중');

INSERT INTO t_goods_detail_image (image_id, goods_id, fileName, fileType, reg_id) VALUES (299, 334, '포토샵 무작정 따라하기_메인.jpg', 'main_image', 'admin');
INSERT INTO t_goods_detail_image (image_id, goods_id, fileName, fileType, reg_id) VALUES (300, 334, '포토샵 무작정 따라하기_상세1.jpg', 'detail_image1', 'admin');
INSERT INTO t_goods_detail_image (image_id, goods_id, fileName, fileType, reg_id) VALUES (301, 335, '차트분석 무작정 따라하기_메인.jpg', 'main_image', 'admin');
INSERT INTO t_goods_detail_image (image_id, goods_id, fileName, fileType, reg_id) VALUES (302, 335, '차트분석 무작정 따라하기_상세1.jpg', 'detail_image1', 'admin');
INSERT INTO t_goods_detail_image (image_id, goods_id, fileName, fileType, reg_id) VALUES (303, 336, '짠테그 가계부_메인.jpg', 'main_image', 'admin');
INSERT INTO t_goods_detail_image (image_id, goods_id, fileName, fileType, reg_id) VALUES (304, 336, '짠테그 가계부_상세1.jpg', 'detail_image1', 'admin');
INSERT INTO t_goods_detail_image (image_id, goods_id, fileName, fileType, reg_id) VALUES (305, 337, '케라시_메인.jpg', 'main_image', 'admin');
INSERT INTO t_goods_detail_image (image_id, goods_id, fileName, fileType, reg_id) VALUES (306, 337, '케라시_상세1.jpg', 'detail_image1', 'admin');
INSERT INTO t_goods_detail_image (image_id, goods_id, fileName, fileType, reg_id) VALUES (307, 338, '컴퓨터 활용능력 2급 실기_메인.jpg', 'main_image', 'admin');
INSERT INTO t_goods_detail_image (image_id, goods_id, fileName, fileType, reg_id) VALUES (308, 338, '컴퓨터 활용능력 2급 실기_상세1.jpg', 'detail_image1', 'admin');
INSERT INTO t_goods_detail_image (image_id, goods_id, fileName, fileType, reg_id) VALUES (309, 339, '시나공 워드프로세서 실기_메인.jpg', 'main_image', 'admin');
INSERT INTO t_goods_detail_image (image_id, goods_id, fileName, fileType, reg_id) VALUES (310, 339, '시나공 워드프로세서 실기_상세1.jpg', 'detail_image1', 'admin');
INSERT INTO t_goods_detail_image (image_id, goods_id, fileName, fileType, reg_id) VALUES (311, 340, '엑셀실무_메인.pg.jpg', 'main_image', 'admin');
INSERT INTO t_goods_detail_image (image_id, goods_id, fileName, fileType, reg_id) VALUES (312, 340, '엑셀실무_상세1.jpg', 'detail_image1', 'admin');
INSERT INTO t_goods_detail_image (image_id, goods_id, fileName, fileType, reg_id) VALUES (313, 341, '헬로자바스크립트_메인.jpg', 'main_image', 'admin');
INSERT INTO t_goods_detail_image (image_id, goods_id, fileName, fileType, reg_id) VALUES (314, 341, '모두의 파이선상세이미지1.jpg', 'detail_image1', 'admin');
INSERT INTO t_goods_detail_image (image_id, goods_id, fileName, fileType, reg_id) VALUES (315, 342, '부동상 상식사전_메인.jpg', 'main_image', 'admin');
INSERT INTO t_goods_detail_image (image_id, goods_id, fileName, fileType, reg_id) VALUES (316, 342, '부동상 상식사전_상세1.jpg', 'detail_image1', 'admin');
INSERT INTO t_goods_detail_image (image_id, goods_id, fileName, fileType, reg_id) VALUES (317, 343, '기적적 계산법_메인.jpg', 'main_image', 'admin');
INSERT INTO t_goods_detail_image (image_id, goods_id, fileName, fileType, reg_id) VALUES (319, 344, 'image1.jpg', 'main_image', 'admin');
INSERT INTO t_goods_detail_image (image_id, goods_id, fileName, fileType, reg_id) VALUES (320, 344, 'react_detail1.jpg', 'detail_image1', 'admin');
INSERT INTO t_goods_detail_image (image_id, goods_id, fileName, fileType, reg_id) VALUES (321, 345, 'main_react.jpg', 'main_image', 'admin');
INSERT INTO t_goods_detail_image (image_id, goods_id, fileName, fileType, reg_id) VALUES (322, 345, 'detail3.jpg', 'detail_image1', 'admin');
INSERT INTO t_goods_detail_image (image_id, goods_id, fileName, fileType, reg_id) VALUES (323, 346, '여행 일본어_메인.jpg', 'main_image', 'admin');
INSERT INTO t_goods_detail_image (image_id, goods_id, fileName, fileType, reg_id) VALUES (324, 346, '여행 일본어_상세.jpg', 'detail_image1', 'admin');
INSERT INTO t_goods_detail_image (image_id, goods_id, fileName, fileType, reg_id) VALUES (325, 347, '가장 빨리 만나는 자바_메인.jpg', 'main_image', 'admin');
INSERT INTO t_goods_detail_image (image_id, goods_id, fileName, fileType, reg_id) VALUES (326, 347, '가장 빨리 만나는 자바_상세1.jpg', 'detail_image1', 'admin');
INSERT INTO t_goods_detail_image (image_id, goods_id, fileName, fileType, reg_id) VALUES (327, 348, 'Java EE 디자이 패턴_메인.jpg', 'main_image', 'admin');
INSERT INTO t_goods_detail_image (image_id, goods_id, fileName, fileType, reg_id) VALUES (328, 348, 'Java EE 디자이 패턴_상세1.jpg', 'detail_image1', 'admin');
INSERT INTO t_goods_detail_image (image_id, goods_id, fileName, fileType, reg_id) VALUES (330, 349, '자바 리팩토링_메인.jpg', 'main_image', 'admin');
INSERT INTO t_goods_detail_image (image_id, goods_id, fileName, fileType, reg_id) VALUES (331, 349, '자바 리팩토링_상세1.jpg', 'detail_image1', 'admin');
INSERT INTO t_goods_detail_image (image_id, goods_id, fileName, fileType, reg_id) VALUES (334, 350, '유지보수자바_메인.jpg', 'main_image', 'admin');
INSERT INTO t_goods_detail_image (image_id, goods_id, fileName, fileType, reg_id) VALUES (337, 343, '기적적 계산법_상세1.jpg', 'uploadFile', 'admin');
INSERT INTO t_goods_detail_image (image_id, goods_id, fileName, fileType, reg_id) VALUES (338, 343, 'good1_detail_image2.jpg', 'uploadFile', 'admin');
INSERT INTO t_goods_detail_image (image_id, goods_id, fileName, fileType, reg_id) VALUES (339, 343, 'good1_detail_image3.jpg', 'uploadFile', 'admin');
INSERT INTO t_goods_detail_image (image_id, goods_id, fileName, fileType, reg_id) VALUES (341, 350, '유지보수자바_상세1.jpg', 'uploadFile', 'admin');
INSERT INTO t_goods_detail_image (image_id, goods_id, fileName, fileType, reg_id) VALUES (342, 354, '모두의 딥러닝_메인.jpg', 'main_image', 'admin');
INSERT INTO t_goods_detail_image (image_id, goods_id, fileName, fileType, reg_id) VALUES (343, 354, '모두의 딥러닝_상세.jpg', 'detail_image1', 'admin');
INSERT INTO t_goods_detail_image (image_id, goods_id, fileName, fileType, reg_id) VALUES (345, 356, '마인_메인.jpg', 'main_image', 'admin');
INSERT INTO t_goods_detail_image (image_id, goods_id, fileName, fileType, reg_id) VALUES (346, 394, '무작정 따라가기 홍콩 마카오.jpg', 'main_image', 'admin');
INSERT INTO t_goods_detail_image (image_id, goods_id, fileName, fileType, reg_id) VALUES (347, 394, '무작정 따라가기 홍콩 마카오_상세.jpg', 'detail_image1', 'admin');
INSERT INTO t_goods_detail_image (image_id, goods_id, fileName, fileType, reg_id) VALUES (348, 394, 'detail2.jpg', 'detail_image2', 'admin');
INSERT INTO t_goods_detail_image (image_id, goods_id, fileName, fileType, reg_id) VALUES (349, 395, 'image2.jpg', 'main_image', 'admin');
INSERT INTO t_goods_detail_image (image_id, goods_id, fileName, fileType, reg_id) VALUES (350, 395, '모두의 파이선상세이미지1.jpg', 'detail_image1', 'admin');
INSERT INTO t_goods_detail_image (image_id, goods_id, fileName, fileType, reg_id) VALUES (351, 397, 'main_react.jpg', 'main_image', 'admin');
INSERT INTO t_goods_detail_image (image_id, goods_id, fileName, fileType, reg_id) VALUES (352, 397, 'react_detail1.jpg', 'detail_image1', 'admin');
INSERT INTO t_goods_detail_image (image_id, goods_id, fileName, fileType, reg_id) VALUES (353, 398, '헬로자바스크립트_메인.jpg', 'main_image', 'admin');
INSERT INTO t_goods_detail_image (image_id, goods_id, fileName, fileType, reg_id) VALUES (354, 398, '헬로자바스크립트_상세1.jpg', 'detail_image1', 'admin');
INSERT INTO t_goods_detail_image (image_id, goods_id, fileName, fileType, reg_id) VALUES (355, 356, '마인_상세1.jpg', 'detail_image1', 'admin');

INSERT INTO t_shopping_member (member_id, member_pw, member_name, member_gender, member_birth_y, member_birth_m, member_birth_d, member_birth_gn, tel1, tel2, tel3, hp1, hp2, hp3, smssts_yn, email1, email2, emailsts_yn, zipcode, roadAddress, jibunAddress, namujiAddress, del_yn) VALUES ('user01', '1234', '홍길동', 'M', '1990', '01', '01', 'S', '02', '123', '4567', '010', '1111', '2222', 'Y', 'user01', 'bookshop.local', 'Y', '00000', '서울시 중구 세종대로 1', '서울시 중구 세종대로 1', '101호', 'N');
INSERT INTO t_shopping_member (member_id, member_pw, member_name, member_gender, member_birth_y, member_birth_m, member_birth_d, member_birth_gn, tel1, tel2, tel3, hp1, hp2, hp3, smssts_yn, email1, email2, emailsts_yn, zipcode, roadAddress, jibunAddress, namujiAddress, del_yn) VALUES ('admin', 'admin', '관리자', 'M', '1985', '12', '12', 'M', '02', '987', '6543', '010', '9999', '0000', 'Y', 'admin', 'bookshop.local', 'Y', '00000', '서울시 종로구 종로 1', '서울시 종로구 종로 1', '관리동', 'N');
